filename,title,topics
088ae227b8db66,【API Gateway】Lambdaプロキシ統合とカスタム統合のリクエストデータの違い,aws|lambda|apigateway
0a2280a4e00734,「ゼロからはじめるLinuxサーバー構築・運用ガイド 第2版 動かしながら学ぶWebサーバーの作り方」で学んでみた,linux
0c9598edd7eeb1,Sourcetreeでgithubのリモートリポジトリ作成,github
10007f6fa2397b,最新AWS情報を公式RSSから自動翻訳してLINEに通知,aws|lambda|eventbridge|amazontranslate|linebot
11770898ae7449,【MCP】Claude Desktopから AWS MCP Serversを使ってAWSのドキュメントを参照してみた,aws|mcp|claude
11f5bb0c44f8d4,DNSについて学んでみた,dns
15fad5e23d659a,【API Gateway】CloudWatch Logsを有効化する,aws|apigateway|cloudwatchlogs
191bac17622130,【Terraform】の基本構文,aws|terraform
1c39aadd259b80,【Amazon Bedrock】検索拡張⽣成(RAG) の精度を向上させるAdvanced RAGについて学んでみた,aws|amazonbedrock|bedrock|advancedrag|rag
23c7e328f4614d,【Amazon Bedrock】Lambda関数からBedrockを呼び出してLLMアプリを作ってみた,aws|bedrock
2513686f672704,【Amazon Bedrock】Amazon S3 Vectors[プレビュー] が発表！ナレッジベースで使ってみた,aws|s3|bedrock|amazonbedrock
264ff51a7e3f1e,npx tailwindcss initでnpm error could not determine executable to run,react|tailwindcss
28ac7a1c0e7177,【API Gateway・StepFunctions】API呼び出しドメイン（Origin）によってStepFunctions内で分岐をする,aws|lambda|apigateway|stepfunctions
2a176ccd934ba1,MacのDocker環境でMovable Typeインストール,docker|movabletype
34bf7b0b72c369,【AWS Organizations・IAM Identity Center】個人アカウントでマルチアカウント作成をしてSSO設定をしてみた,aws|organizations|iamidentitycenter
357f0f6e5a051f,【API Gateway】トークンベースのLambda Authorizerを使用した認可を実装してみた,aws|lambda|apigateway|authorization|認可
36fc44c62745a8,Bitnami AMIにSSMセッションマネージャーでSSH接続する,aws|ssh|sessionmanager|systemsmanager
3afb702008b107,CloudFront・ALB・ECS・Fargate・NginxでWebサイト作成①,aws|nginx|alb|ecs|fargate
3afc9aeada582d,【Terraform】RDSの作成,aws|mysql|terraform|rds
402e29078147b7,AWSome Day Online Conference へ参加しました,aws|ec2|s3|iam|rds
4238cbe5df7683,WordPressの画像ストレージをS3＋CloudFrontで構築する②,aws|wordpress|s3|cloudfront
438e218c7aa0ca,【Amazon Bedrock】の重要用語をまとめてみた,ai|aws|bedrock|llm|rag
48759c0fbdedc2,【S3・CloudFront】URL の末尾が/（スラッシュ）で終わるリクエストを/index.html にルーティングする,aws|s3|cloudfont
4fa0fe328b917d,EC2へSSHするときのWindowsでのキーペアの置き場所,linux|ec2|keypair
5022678f2ecf76,【Amazon Bedrock AgentCore】Streamlit使って簡単なチャットを作成してみた,ai|aws|bedrock|amazonbedrock|agentcore
507240c7897acb,【Amazon SageMaker】主要なSageMakerの機能をまとめてみた（AIF/MLA/MLS 対策）,ai|aws|ml|sagemaker
51482ec9adb8a3,CloudFront・ALB・ECS・Fargate・NginxでWebサイト作成②,aws|cloudfront|alb|route53|acm
572bcd7d2ebd0a,【ECS・Fargate・Docker】ECS・Fargateを使用してコンテナ技術の基礎を学習してみた,aws|ecs|fargate|docker
58bb7554f0ed02,【Terraform】ALBの作成,aws|terraform|alb|elb
5d56591ba883bf,【Terraform】IAMポリシー、IAMグループ、IAMユーザを作成,aws|terraform|iam
6030608ae10232,【GitHub・CodePipeline・CodeBuild】Lambda関数のCI/CD構築,aws|github|lambda|codepipeline|codebuild
611c1fcd5b55be,WordPressの画像ストレージをS3＋CloudFrontで構築する①,aws|wordpress|ec2|s3|iam
648cef417f266b,【gpt-oss】20bモデルをollamaで触ってみた！,openai|chatgpt|gptoss|ollama
6a6f8a2d8bb8ed,【API Gateway・StepFunctions・Lambda】API Gatewayでリダイレクトさせる,aws|apigateway|stepfunctions
6ac77f32f40762,【CodePipeline】デプロイプロバイダーで「AWS Lambda」を直接指定できるようになりました,aws|lambda|codepipeline|codecommit
6bade6ff532153,【Terraform】tfstateをS3に保存し共有を可能にする,aws|s3|terraform
71201ab711954e,【Amazon Bedrock】Bedrock Agents × Strands Agents × AgentCoreの機能を整理してみた,aws|aiagent|bedrock|amazonbedrock|agentcore
787142f8d11286,React（Next.js）でスクロール量を測る,nextjs|react
7cb022da36caf4,【Terraform】セキュリティグループの作成,aws|s3|terraform
7da0854c4daae1,【API Gateway】使用料プランでAPIキー認可を実装してみた,aws|lambda|apigateway|cloudwatchlogs
80b09508cb8481,【Terraform】S3の作成,aws|s3|terraform
8407245deb305a,【Terraform】IAMロールの作成,aws|ec2|terraform|iam
84fe86b6d0c360,【React・CloudFront・S3】ReactのページをリロードするとAccess Denied（404・403）エラーになる,aws|react|s3|cloudfront|spa
85977452dbe484,【Terraform】EC2とRDSでWPをインストールしてみる,aws|wordpress|ec2|terraform|rds
86036ebb190514,【GitHub API・Next.js】Zennの記事をGitHub APIで取得してみよう,nextjs|graphql|api|zenn|github
86c775ae336672,EC2とRDSでWordPressをインストールしてみる,aws|wordpress|ec2|dns|rds
933a67998e73a9,Bitnami AMI（WordPress）でBasic認証を実装する,aws|ec2|ami|bitnami
9529d1615a6321,【Terraform】EC2インスタンスを作成してみる,aws|ec2|terraform|awscli|ami
9cdfb87cd0437b,PowerCMSX入門,cms|movabletype|powercms
aa9431e7fdec08,【Terraform】EC2の作成（AMIの検索、取得）,aws|ec2|terraform
ab4f30660465bf,VSコードを使用したDraw.ioのリアルタイム共同編集,vscode|drawio
aba7093f7a2401,Dockerを使用してReact/Next.js開発環境をつくる,docker|react
ae399f783a5501,【AWS Skill Builder】AWS公式模擬試験のリンク集めときました！,aws|リンク集|aws認定
ae8279030e6dd3,【Terraform】Route53の作成,aws|terraform|route53
af8776fa0ac4dc,「Next.js+ヘッドレスCMSで始めるモダンWebサイト制作入門」を読んで,nextjs|microcms|入門
b264ae4f531919,プライベートEC2にWinSCPを使用してSSMポートフォワーディング機能でファイル転送する,aws|ec2|sessionmanager|systemsmanager|winscp
b9e44038d1085b,【Amazon Aurora Serverless v2・Amazon Bedrock】手動でベクトルDBを作成してRAGを作成してみよう,ai|aws|aurora|bedrock|rag
bd519790183a1b,【Vite】.env環境変数ファイルをデプロイ環境ごとに設定する,vite|dotenv|react|nextjs|typescript
be03d41769d9f6,【Next.js・Tailwind.css・Micromodal.js】モーダルのアクティブ時に背景を固定する,react|nextjs|typescript|tailwindcss|micromodal
c470cdb619768f,【Terraform】モジュールについて,ec2|terraform
c92f6a352ffa22,【Terraform】VPCとサブネットの作成,aws|terraform
d1d6f9cbb33e81,【Amazon Bedrock】ナレッジベース活用AIアプリの構造化データのチャギング戦略,aws|bedrock|amazonbedrock|claude|rag
d553e2281a4eb9,【Amazon Cognito】 マネージドログインの日本語化（react-oidc-contextと使わない場合）,aws|react|cognito
d6327f2845c627,【Dify・Cloudflare・GitHub】Quick TunnelsでDifyを公開しGitHubから自動でRAGに取り込んでみた,dify|cloudflare|github|githubactions
d888cff2d28e80,【Cognito ユーザープール・Next.js】安全にCognito認証を実装する,aws|cognito|認証|nextjs|amplify
daf195a44dcdfd,【Terraform】使用するための環境構築,aws|bash|terraform|iam|tfenv
dd0cc861c417d1,【EventBridge】イベントパターンで使用する比較演算子を試してみた,aws|eventbridge
e36041d3af5ea9,【Zenn API・Next.js】Zennの記事をAPIで取得してみよう,nextjs|react|api|zenn
ed05aef667e852,【API Gateway・Cognitoユーザープール】Cognitoを使用した認証・認可を実装してみた,aws|apigateway|認証|cognito|認可
eea9b8461798cd,【Terraform】ACMの作成,terraform|dns|route53|acm
f0e50cf1afd62a,【MCP】公式クイックスタートを活用してMCP天気予報サーバーを構築してみた,python|mcp|claude
f43e515974b7ec,【Amplify・Next.js】SSRの環境変数を設定する,aws|nextjs|amplify
f737a015e796d1,Movable Type AMI版 を使用せず、EC2でMT動かしてみた,aws|linux|ec2|cms|movabletype
f855e8f5475e00,【Vercel・Next.js】Vercelでデプロイしたサイトをiframeで別ドメインに読み込む方法,vercel|nextjs|api|security